[
  {
    "relation": [
      "delegate_permission/common.handle_all_urls",
      "delegate_permission/common.get_login_creds"
    ],
    "target": {
      "namespace": "android_app",
      "package_name": "com.afterlogic.aurora.mail",
      "sha256_cert_fingerprints": [
        "7D:B1:0D:4E:F0:92:79:1F:80:C0:95:79:AE:BA:C1:B1:BF:7C:A7:E8:C4:C3:47:39:49:23:8C:BA:5F:CA:C1:A2",
        "AE:EC:8B:C3:C7:89:B5:3E:5F:67:56:6E:B1:74:82:1D:3A:74:C8:C6:48:96:BE:82:57:1E:64:AB:BE:80:A6:24"
      ]
    }
  },
  {
    "relation": [
      "delegate_permission/common.handle_all_urls",
      "delegate_permission/common.get_login_creds"
    ],
    "target": {
      "namespace": "android_app",
      "package_name": "com.afterlogic.aurora.files",
      "sha256_cert_fingerprints": [
        "68:47:5A:5A:F8:8C:6A:31:7C:DD:F3:EC:5D:57:35:C9:A6:55:53:2D:4E:88:A6:A4:6D:9A:8F:EB:67:F9:0F:8F"
      ]
    }
  }
]
